Url,Headline,ProxyIP,Publication Date,Content,Image URL
https://www.bbc.co.uk/sport/football/68261461,Lionel Messi: Chinese officials call off Argentina games amid anger over star not playing - BBC Sport,185.199.229.156,10 February 2024,Chinese officials call off two Argentina friendlies after Lionel Messi failed to turn out for Inter Miami in an exhibition match in Hong Kong.,No Image Found
https://www.bbc.co.uk/news/world-asia-china-68236902,Lionel Messi: Chinese fury as superstar plays in Japan after missing Hong Kong match - BBC News,188.74.210.207,8 February,"The superstar sat out a Hong Kong match just days before, sparking anger and conspiracy theories.",https://ichef.bbci.co.uk/news/976/cpsprodpb/C34E/production/_132589994_gettyimages-1977641072.jpg
https://www.bbc.co.uk/sport/av/football/68218309,Lionel Messi: Inter Miami star defends Hong Kong friendly absence - BBC Sport,185.199.228.220,6 February,Argentina star Lionel Messi says it was a shame he could not play in Inter Miami’s friendly against a League XI in Hong Kong.,https://ichef.bbci.co.uk/images/ic/400xn/p0h99wc7.jpg
https://www.bbc.co.uk/sport/football/68213901,Lionel Messi defends injury absence in Hong Kong friendly after fans boo - BBC Sport,188.74.210.21,6 February 2024,"Forward Lionel Messi says ""I always want to play"" after fans booed Inter Miami because he missed a pre-season friendly in Hong Kong.",No Image Found
https://www.bbc.co.uk/sport/football/68199137,Lionel Messi: Fans angered as World Cup winner fails to play in Hong Kong - BBC Sport,185.199.231.45,5 February 2024,Angry fans in Hong Kong boo Inter Miami during a pre-season friendly game as World Cup winner Lionel Messi is left on the bench.,No Image Found
https://www.bbc.co.uk/sport/football/68175444,Al-Nassr 6-0 Inter Miami: Lionel Messi comes off bench late on in friendly loss - BBC Sport,188.74.210.207,1 February 2024,"Lionel Messi's Inter Miami suffer a thumping 6-0 friendly defeat by Al-Nassr, with the Argentine featuring off the bench for the final seven minutes.",No Image Found
https://www.bbc.co.uk/sport/football/68160107,Lionel Messi: Napkin which detailed Argentine's first Barcelona contract to be auctioned - BBC Sport,45.155.68.129,31 January 2024,"The napkin on which 13-year-old Lionel Messi's first Barcelona contract was signed will be auctioned - with a starting price of £300,000.",No Image Found
https://www.bbc.co.uk/newsround/68167738,Lionel Messi: Footballer's first Barcelona 'napkin' contract to be sold at auction - BBC Newsround,188.74.210.207,1 February,"Back in the year 2000, Barcelona signed a famous napkin, promising to sign Messi - who was a boy at the time. Find out more here.",https://ichef.bbci.co.uk/news/976/cpsprodpb/D3CE/production/_132522245_gettyimages-1139685681.jpg
https://www.bbc.co.uk/sport/football/67953843,"Fifa Best Awards: Lionel Messi wins best male player, Pep Guardiola named best male coach - BBC Sport",154.95.36.199,15 January 2024,"Argentina's Lionel Messi wins men's player of the year at the Fifa Best Awards, with Manchester City boss Pep Guardiola claiming the men's coach prize.",No Image Found
https://www.bbc.co.uk/sport/live/football/67865147,"The Best FIFA Football Awards LIVE stream: Lionel Messi, Erling Haaland, Kylian Mbappe among nominees - Live - BBC Sport",38.154.227.167,15 January 2024,Watch live coverage and follow live text of The Best FIFA Football Awards ceremony from London.,No Image Found
https://www.bbc.co.uk/sport/football/67806904,Luis Suarez: Uruguay striker joins Inter Miami & reunites with Lionel Messi - BBC Sport,188.74.210.207,22 December 2023,"Uruguay striker Luiz Suarez joins Inter Miami, where he will link up again with ex-Barcelona team-mates Lionel Messi, Sergio Busquets and Jordi Alba.",No Image Found
https://www.bbc.co.uk/sport/football/67718748,Lionel Messi: Six of Argentina captain's shirts from 2022 World Cup sell for combined £6.1m - BBC Sport,188.74.210.21,14 December 2023,Six of Lionel Messi's shirts worn during the 2022 World Cup sell for a combined $7.8m (£6.1m) at a Sotheby's auction in New York.,No Image Found
https://www.bbc.co.uk/sport/football/67718742,"The Best Fifa Awards 2023: Aitana Bonmati, Erling Haaland and Lionel Messi on Best Fifa player shortlists - BBC Sport",45.94.47.66,14 December 2023,"Erling Haaland, Lionel Messi, Aitana Bonmati and Jennifer Hermoso are among the finalists for the player awards at the 2023 Best Fifa awards.",No Image Found
https://www.bbc.co.uk/sport/football/67689426,Lionel Messi and Cristiano Ronaldo to meet in friendly as Inter Miami head to Saudi Arabia - BBC Sport,188.74.210.207,12 December 2023,"Inter Miami will play in the Riyadh Season Cup against Al-Hilal and Al-Nassr in Saudi Arabia, setting up a renewal of the rivalry between Lionel Messi and Cristiano Ronaldo.",No Image Found
https://www.bbc.co.uk/sport/football/67632914,Lionel Messi: Argentina forward named Time magazine's athlete of the year - BBC Sport,185.199.229.156,5 December 2023,Argentina and Inter Miami forward Lionel Messi is named Time magazine's athlete of the year.,No Image Found
https://www.bbc.co.uk/sport/football/67553832,"Lionel Messi: Inter Miami forward is 'gripping' United States, says Guillem Balague - BBC Sport",185.199.228.220,28 November 2023,"Lionel Messi's arrival at Inter Miami is 'gripping' the United States and improving the trajectory of MLS, writes Guillem Balague.",No Image Found
https://www.bbc.co.uk/sport/football/67543580,"Lionel Messi: Inter Miami forward is 'gripping' United States, says Guillem Balague - BBC Sport",188.74.183.10,27 November 2023,"Lionel Messi's arrival at Inter Miami is 'gripping' the United States and improving the trajectory of MLS, writes Guillem Balague.",No Image Found
https://www.bbc.co.uk/sport/football/67516051,Rodrygo: Brazil forward says he was racially abused on social media after row with Lionel Messi - BBC Sport,38.154.227.167,23 November 2023,Brazil forward Rodrygo says he was racially abused on social media following a heated argument with Argentina captain Lionel Messi prior to their World Cup qualifier.,No Image Found
https://www.bbc.co.uk/sport/av/football/67475234,Brazil v Argentina: Lionel Messi tries to intervene as crowd trouble delays kick-off - BBC Sport,188.74.210.207,22 November 2023,Lionel Messi and Emiliano Martinez attempt to intervene as police clash with Argentina fans before their 1-0 win in Brazil.,https://ichef.bbci.co.uk/images/ic/400xn/p0b36kgx.png
https://www.bbc.co.uk/sport/football/67494143,Brazil 0-1 Argentina: Lionel Messi after fans and police clash in stands - BBC Sport,45.94.47.66,22 November 2023,"Lionel Messi says there ""could have been a tragedy"" during clashes between fans and police before Argentina's World Cup qualifier in Brazil.",No Image Found
https://www.bbc.co.uk/sport/football/67472156,Lionel Messi: Six of Argentina captain's shirts from Qatar World Cup triumph to be sold at auction - BBC Sport,38.154.227.167,20 November 2023,Six of the shirts worn by Lionel Messi during Argentina's 2022 World Cup-winning campaign in Qatar are to be sold at auction and expected to fetch more than £8m.,No Image Found
https://www.bbc.co.uk/sport/football/67389058,Lionel Messi has 'no doubt' Inter Miami will win more silverware after claiming his eighth Ballon d'Or - BBC Sport,188.74.210.207,11 November 2023,"Lionel Messi has ""no doubt"" Inter Miami will secure more silverware after he extended his record for Ballon d'Or wins.",No Image Found
https://www.bbc.co.uk/sport/av/football/67277362,Lionel Messi: Eight-time Ballon d’Or winner wants chance to say goodbye to Barcelona - BBC Sport,188.74.210.207,31 October 2023,Lionel Messi says he deserves a chance to say goodbye to Barcelona fans after winning the men’s Ballon d’Or for a record-extending eighth time.,https://ichef.bbci.co.uk/images/ic/400xn/p0b36kgx.png
https://www.bbc.co.uk/sport/football/67232561,"Men's Ballon d'Or: Lionel Messi wins eighth award, beating Erling Haaland to trophy - BBC Sport",38.154.227.167,30 October 2023,Argentina and Inter Miami forward Lionel Messi beats Erling Haaland to win the Ballon d'Or for an eighth time.,No Image Found
https://www.bbc.co.uk/sport/av/football/67269034,2023 Ballon d'Or: Lionel Messi wins record eighth Men's Ballon d'Or - BBC Sport,185.199.231.45,30 October 2023,Watch the moment Argentina & Inter Miami forward Lionel Messi wins a record-extending eighth Men's Ballon d'Or Trophy.,https://ichef.bbci.co.uk/images/ic/400xn/p0gprgzj.jpg
https://www.bbc.co.uk/sport/football/66806575,Lionel Messi: Ballon d'Or winner's records - and will they ever be broken? - BBC Sport,188.74.210.207,30 October 2023,"Argentina forward Lionel Messi, who is celebrating a record eighth Ballon d'Or, continues to set records in the twilight of his career.",No Image Found
https://www.bbc.co.uk/sounds/play/p0gprgky,Football Daily - Lionel Messi: Destiny - BBC Sounds,38.154.227.167,Date not found,Lionel Messi wins the Ballon d’Or and Guillem Balague looks at that World Cup win,No Image Found
https://www.bbc.co.uk/sport/live/football/67146666,"2023 Ballon d'Or ceremony LIVE: Lionel Messi, Erling Haaland, Aitana Bonmati, Jude Bellingham & Emilana Martinez win awards - Watch & follow live text - Live - BBC Sport",185.199.229.156,30 October 2023,Watch & follow live text coverage of the 2023 Ballon d'Or ceremony in Paris.,No Image Found
https://www.bbc.co.uk/sport/football/67235219,Lionel Messi: Inter Miami forward among MLS Newcomer of the Year award finalists - BBC Sport,154.95.36.199,26 October 2023,"Lionel Messi is named as a finalist for Major League Soccer's Newcomer of the Year award, after playing just six games for Inter Miami.",No Image Found
https://www.bbc.co.uk/sport/football/67142608,Lionel Messi scores twice for Argentina against Peru as Brazil's Neymar suffers injury - BBC Sport,38.154.227.167,18 October 2023,"Lionel Messi becomes the all-time top scorer in South American World Cup qualifying as Argentina beat Peru, while Brazil's Neymar is carried off on a stretcher against Uruguay.",No Image Found
https://www.bbc.co.uk/sport/av/football/67099504,Lionel Messi: Argentina forward hits woodwork twice in win against Paraguay - BBC Sport,38.154.227.167,13 October 2023,Watch Lionel Messi hit the woodwork direct from a corner and a free-kick in Argentina's 1-0 win against Paraguay in their 2026 World Cup qualifier.,https://ichef.bbci.co.uk/images/ic/400xn/p0b36kgx.png
https://www.bbc.co.uk/sport/football/67076480,Lionel Messi: Inter Miami star will not go on loan - Guillem Balague - BBC Sport,45.94.47.66,11 October 2023,"Lionel Messi will not be joining another team on loan once Inter Miami's Major League Soccer season ends, says Guillem Balague.",No Image Found
https://www.bbc.co.uk/sport/football/67014967,Chicago Fire 4-1 Inter Miami: Visitors' play-off hopes suffer setback without Lionel Messi - BBC Sport,45.94.47.66,5 October 2023,"Inter Miami's MLS play-off hopes suffer a setback as they are beaten 4-1 by Chicago Fire, with Lionel Messi missing the game through injury.",No Image Found
https://www.bbc.co.uk/sport/football/67003381,Lionel Messi: Chicago Fire offer $250 incentive for fans attending Inter Miami match - BBC Sport,45.94.47.66,4 October 2023,"Chicago Fire offer a future discount to supporters at Wednesday's MSL match against Inter Miami, whose star player Lionel Messi could miss out.",No Image Found
https://www.bbc.co.uk/sport/football/66944998,Inter Miami 1-2 Houston Dynamo: Lionel Messi misses US Open Cup final defeat - BBC Sport,45.155.68.129,28 September 2023,Forward Lionel Messi watches from the stands as Inter Miami are beaten by Houston Dynamo in the final of US Open Cup.,No Image Found
https://www.bbc.co.uk/sport/football/66933613,Lionel Messi: Inter Miami may 'risk' injured Argentine in US Open Cup final - BBC Sport,154.95.36.199,27 September 2023,Inter Miami manager Gerardo Martino says Lionel Messi may recover from injury in time for Wednesday night's US Open Cup final against Houston Dynamo.,No Image Found
https://www.bbc.co.uk/sport/football/66874720,Lionel Messi: Argentine forced off with 'old injury' for Inter Miami as US Open Cup final looms - BBC Sport,188.74.210.21,21 September 2023,Lionel Messi is forced off after 37 minutes on his return to action for Inter Miami - but his team-mates seal a 4-0 win over Toronto FC.,No Image Found
https://www.bbc.co.uk/sport/football/66813547,"Fifa Best Awards 2023: Erling Haaland, Kevin de Bruyne, Declan Rice, Lionel Messi among nominees - BBC Sport",185.199.231.45,14 September 2023,Six players who helped Manchester City win the Treble are among the nominees for the men's player of the year at the 2023 Fifa Best Awards.,No Image Found
https://www.bbc.co.uk/sport/football/66738794,Cristiano Ronaldo: Lionel Messi rivalry now 'gone' says Portuguese great - BBC Sport,185.199.231.45,7 September 2023,"Cristiano Ronaldo says he and Lionel Messi ""changed the history of football"" but their rivalry is now ""gone"".",No Image Found
https://www.bbc.co.uk/sport/football/66704767,Lionel Messi: World Cup winner helps Inter Miami beat Los Angeles FC - BBC Sport,188.74.210.207,4 September 2023,Lionel Messi lays on two assists to help Inter Miami beat Los Angeles FC 3-1 in front of a star-studded audience at BMO Stadium.,No Image Found
https://www.bbc.co.uk/sport/football/66667885,Lionel Messi: Striker fails to score as Inter Miami draw with Nashville - BBC Sport,45.94.47.66,31 August 2023,"Lionel Messi fails to score as Inter Miami draw 0-0 with Nashville SC in Major League Soccer, ending the club's nine-game winning run in all competitions.",No Image Found
https://www.bbc.co.uk/sport/football/66602364,US Open Cup: Lionel Messi scores penalty as Inter Miami win semi-final shootout - BBC Sport,185.199.231.45,24 August 2023,Inter Miami stage dramatic comeback to reach their second final since Lionel Messi joined the MLS side.,No Image Found
https://www.bbc.co.uk/sport/football/66562210,Lionel Messi leads MLS side Inter Miami to Leagues Cup win against Nashville SC - BBC Sport,185.199.228.220,20 August 2023,Lionel Messi scores his 10th goal in seven games as Inter Miami beat Nashville SC to win the Leagues Cup.,No Image Found
https://www.bbc.co.uk/newsround/67478761,Lionel Messi: World Cup winning shirts could break sports memorabilia auction record - BBC Newsround,45.155.68.129,21 November 2023,"Lionel Messi's World Cup shirts are being auctioned, and they could break a world record",https://ichef.bbci.co.uk/news/976/cpsprodpb/144D/production/_131779150_messi-index1.jpg
https://www.bbc.co.uk/sport/football/66518459,Lionel Messi: Argentina forward scores again to help Inter Miami reach Leagues Cup final - BBC Sport,188.74.183.10,16 August 2023,Lionel Messi shrugs off an injury scare to score his ninth goal in six games as Inter Miami beat Philadelphia Union to reach the Leagues Cup final.,No Image Found
https://www.bbc.co.uk/sport/football/66484471,Lionel Messi: Inter Miami forward scores his eighth goal in five games - BBC Sport,154.95.36.199,12 August 2023,Lionel Messi scores his eighth goal in five games for new club Inter Miami as they beat Charlotte 4-0 in the Leagues Cup quarter-finals.,No Image Found
https://www.bbc.co.uk/sport/football/66425957,Lionel Messi: World Cup winner hits double as Inter Miami reach Leagues Cup quarter-finals - BBC Sport,188.74.183.10,7 August 2023,Lionel Messi scored twice to help Inter Miami beat MLS rivals FC Dallas and reach the quarter-final of the Leagues Cup,No Image Found
https://www.bbc.co.uk/sport/football/66392849,Lionel Messi: World Cup winner scores two as Inter Miami beat Orlando City 3-1 - BBC Sport,45.94.47.66,3 August 2023,Lionel Messi scored twice to help Inter Miami beat Orlando City 3-1 in the Leagues Cup.,No Image Found
https://www.bbc.co.uk/sport/football/66310030,Lionel Messi scores twice and assists once on first Inter Miami start in 4-0 win - BBC Sport,185.199.229.156,26 July 2023,Lionel Messi scores twice and assists once on his first start for Inter Miami in a 4-0 win over Atlanta United.,No Image Found
https://www.bbc.co.uk/sport/football/66266410,Lionel Messi: Inter Miami debut goal for Argentina star seals win over Cruz Azul - BBC Sport,188.74.210.207,22 July 2023,Lionel Messi scores a stunning stoppage-time free-kick on his Inter Miami debut to clinch a 2-1 victory against Mexican side Cruz Azul.,No Image Found
https://www.bbc.co.uk/sport/football/65966328,Lionel Messi: Meet Argentine's new Inter Miami team-mates - BBC Sport,185.199.228.220,21 July 2023,BBC Sport looks at some of Lionel Messi and Sergio Busquets' new Inter Miami team-mates as they prepare to make their debuts.,No Image Found
https://www.bbc.co.uk/sport/football/66263425,Jordi Alba: Inter Miami sign Spain defender to join Lionel Messi & Sergio Busquets - BBC Sport,38.154.227.167,20 July 2023,Spain defender Jordi Alba joins ex-Barcelona team-mates Lionel Messi and Sergio Busquets at Inter Miami on a deal to the end of the 2024 season.,No Image Found
https://www.bbc.co.uk/sport/football/66232200,Can you name the superstars to play in America before Lionel Messi? - BBC Sport,185.199.229.156,20 July 2023,We have put together a list of 38 big-name stars to have played for clubs in the United States and Canada. Can you name them?,No Image Found
https://www.bbc.co.uk/sport/football/66242174,Jordi Alba: Inter Miami to sign Spain defender to join Lionel Messi & Sergio Busquets - BBC Sport,188.74.210.21,19 July 2023,"Spain defender Jordi Alba will join ex-Barcelona team-mates Lionel Messi and Sergio Busquets at Inter Miami, says club president Jorge Mas.",No Image Found
https://www.bbc.co.uk/sport/av/football/66238341,Lionel Messi: David Beckham reflects on 'emotional' unveiling at Inter Miami - BBC Sport,45.155.68.129,18 July 2023,Inter Miami co-owners David Beckham and Jorge Mas reflect on Lionel Messi's unveiling and what they expect from the Argentina forward.,https://ichef.bbci.co.uk/images/ic/400xn/p0g1llr0.jpg
https://www.bbc.co.uk/sport/av/football/66221888,Lionel Messi: Inter Miami & David Beckham unveil World Cup-winning Argentina forward to MLS - BBC Sport,154.95.36.199,17 July 2023,Inter Miami and David Beckham unveil Lionel Messi as their new signing after thunderstorms delay the presentation.,https://ichef.bbci.co.uk/images/ic/400xn/p0g19p2f.jpg
https://www.bbc.co.uk/sport/football/66219125,Lionel Messi: Inter Miami unveil Argentina forward to sold-out crowd - BBC Sport,185.199.228.220,17 July 2023,Inter Miami unveil Lionel Messi as their new number 10 in front of a sold-out crowd in Fort Lauderdale.,No Image Found
https://www.bbc.co.uk/sport/football/66213439,Lionel Messi: Inter Miami sign Argentina forward until end of 2025 - BBC Sport,188.74.183.10,16 July 2023,Argentina forward Lionel Messi signs for American MLS side Inter Miami on a deal that runs until to the end of 2025.,No Image Found
https://www.bbc.co.uk/sport/av/football/66215713,Inter Miami unveil Lionel Messi as new signing - BBC Sport,188.74.183.10,16 July 2023,MLS side Inter Miami announce Argentina forward and seven-time Ballon d'Or winner Lionel Messi as their new signing.,https://ichef.bbci.co.uk/images/ic/400xn/p0g163j6.jpg
https://www.bbc.co.uk/sport/av/tennis/66142923,Wimbledon 2023: World number one Carlos Alcaraz talks bucket hats & meeting Lionel Messi - BBC Sport,185.199.229.156,10 July 2023,Wimbledon champion Carlos Alcaraz talks to BBC Sport's Liam Loftus at Wimbledon about his bucket hat look and meeting Lionel Messi.,https://ichef.bbci.co.uk/images/ic/400xn/p0fzsl6m.jpg
https://www.bbc.co.uk/sport/football/66049543,Gerardo 'Tata' Martino: Argentine links up with Lionel Messi at Inter Miami - BBC Sport,185.199.229.156,28 June 2023,Former Barcelona manager Gerardo 'Tata' Martino has been appointed the new boss of Inter Miami.,No Image Found
https://www.bbc.co.uk/sport/football/66013933,Lionel Messi: Argentina great says relationship with Paris St-Germain fans 'fractured' - BBC Sport,38.154.227.167,25 June 2023,"Lionel Messi says his relationship with Paris St-Germain fans ""fractured"" after a ""significant"" number of supporters started to treat him differently.",No Image Found
https://www.bbc.co.uk/sport/football/65920186,Argentina 2-0 Australia: Lionel Messi scores fastest career goal in Beijing friendly - BBC Sport,188.74.210.207,15 June 2023,Lionel Messi scores his fastest career goal as Argentina comfortably beat Australia in a friendly in Beijing.,No Image Found
https://www.bbc.co.uk/sport/football/65904737,Norway v Scotland: Facing Lionel Messi & co has me ready for Erling Haaland - Jack Hendry - BBC Sport,185.199.231.45,14 June 2023,"Scotland's Jack Hendry is ""relishing"" taking on Norway's Erling Haaland after tackling Neymar, Lionel Messi and Kylian Mbappe in the Champions League.",No Image Found
https://www.bbc.co.uk/sport/football/65877494,Lionel Messi: Can Argentine's move to Inter Miami revolutionise football in US? - BBC Sport,188.74.183.10,13 June 2023,Will Lionel Messi's move to Inter Miami change football in the United States forever? We take a look at the impact it could have.,No Image Found
https://www.bbc.co.uk/sport/football/65832655,Quiz: Lionel Messi or Cristiano Ronaldo? Who holds these records? - BBC Sport,45.94.47.66,13 June 2023,Lionel Messi has joined Cristiano Ronaldo in leaving European club football. Both have set a host of records - but who holds which ones? Take our quiz.,No Image Found
https://www.bbc.co.uk/sport/football/65832658,Lionel Messi to join Inter Miami after leaving Paris St-Germain - BBC Sport,45.94.47.66,7 June 2023,Argentina legend Lionel Messi will join MLS side Inter Miami after leaving Paris St-Germain.,No Image Found
https://www.bbc.co.uk/sport/football/65832653,Lionel Messi quiz: How well do you know Argentina forward? - BBC Sport,38.154.227.167,7 June 2023,Lionel Messi's European club career appears to be over after he accepted an offer from Inter Miami. Take our quiz to see how well you know him.,No Image Found
https://www.bbc.co.uk/sport/football/65800149,Paris St-Germain 2-3 Clermont: Lionel Messi and Sergio Ramos sign off with defeat - BBC Sport,45.94.47.66,3 June 2023,Lionel Messi and Sergio Ramos play their final games for Paris St-Germain as the Ligue 1 champions lose to Clermont.,No Image Found
https://www.bbc.co.uk/sport/av/football/65675499,Lionel Messi: TV reporter Sofi Martinez reflects on World Cup interview with Argentina legend - BBC Sport,185.199.229.156,2 June 2023,Television reporter Sofi Martinez reflects on her emotional conversation with Lionel Messi before the World Cup final.,https://ichef.bbci.co.uk/images/ic/400xn/p0fr7pwc.jpg
https://www.bbc.co.uk/sport/football/65776489,Lionel Messi: PSG manager Christophe Galtier confirms forward's departure - BBC Sport,188.74.210.21,1 June 2023,Paris St-Germain manager Christophe Galtier says forward Lionel Messi will play his final game for the club against Clermont on Saturday.,No Image Found
https://www.bbc.co.uk/sport/football/65770318,Lionel Messi: Argentine set for decision on future - and it won't be Barcelona - BBC Sport,185.199.229.156,31 May 2023,Lionel Messi is set to decide where he will play football next season and it seems certain it won't be Barcelona.,No Image Found
https://www.bbc.co.uk/sport/football/65657459,"Transfer window: Where will Jude Bellingham, Harry Kane, Lionel Messi, Declan Rice and Victor Osimhen move to? - BBC Sport",154.95.36.199,30 May 2023,Will Lionel Messi return to Barcelona? Is Declan Rice bound for Arsenal? BBC Sport takes a look at this summer's biggest transfer rumours.,No Image Found
https://www.bbc.co.uk/sport/football/65740199,Lionel Messi: From shy genius to 'bad boy' leader – his Qatar transformation - BBC Sport,154.95.36.199,29 May 2023,The 'completion' of football at the 2022 World Cup required Lionel Messi to configure his character and rediscover his childhood.,No Image Found
https://www.bbc.co.uk/sport/av/football/65675497,Lionel Messi's biggest beef - when it all kicked off against the Netherlands - BBC Sport,188.74.210.207,28 May 2023,The story behind Lionel Messi's anger towards Louis van Gaal and Wout Weghorst when Argentina faced the Netherlands at the World Cup.,https://ichef.bbci.co.uk/images/ic/400xn/p0fqfk2t.jpg
https://www.bbc.co.uk/sport/football/65733301,Paris St-Germain: Historic title despite toxic backdrop the end for Lionel Messi & Neymar - BBC Sport,45.94.47.66,27 May 2023,"Paris St-German have become the first club to win 11 Ligue 1 titles, but this summer is likely to bring big changes at Parc des Princes.",No Image Found
https://www.bbc.co.uk/sport/football/65735472,Strasbourg 1-1 Paris St-Germain: Lionel Messi breaks Cristiano Ronaldo record as PSG win 11th title - BBC Sport,188.74.210.207,27 May 2023,Lionel Messi scores another record-breaking goal as Paris St-Germain win an unprecedented 11th Ligue 1 title with a draw at Strasbourg.,No Image Found
https://www.bbc.co.uk/sport/football/65690051,Lionel Messi: Destiny - new documentary goes inside Argentina's World Cup win - BBC Sport,45.155.68.129,27 May 2023,A new BBC documentary tells the story of Argentina's 2022 World Cup win from the point of view of the players and manager.,No Image Found
https://www.bbc.co.uk/sport/av/football/65721239,Lionel Messi: Destiny - new BBC documentary relives 2022 World Cup - BBC Sport,185.199.229.156,27 May 2023,Watch the trail for a new BBC documentary - Lionel Messi: Destiny - which relives Argentina's 2022 World Cup triumph.,https://ichef.bbci.co.uk/images/ic/400xn/p0fqkxjx.jpg
https://www.bbc.co.uk/iplayer/episode/m001mp3x,BBC iPlayer - Lionel Messi: Destiny,154.95.36.199,Date not found,Behind-the-scenes documentary about how Lionel Messi finally won the World Cup.,No Image Found
https://www.bbc.co.uk/newsround/67215052,Lionel Messi pictured with Ed Sheeran after star's concert - BBC Newsround,188.74.183.10,26 October 2023,"Messi, who plays for Major League Soccer side Inter Miami, posted the picture on social media where it's had over 13.5 MILLION likes.",https://ichef.bbci.co.uk/news/976/cpsprodpb/D892/production/_131524455_lionel2.jpg
https://www.bbc.co.uk/sport/football/65597073,"Lionel Messi: Barcelona is forward's 'home', says club president Joan Laporta - BBC Sport",185.199.229.156,15 May 2023,"Barcelona president Joan Laporta says the club is Lionel Messi's ""home"" as they try to bring him back to Spain this summer.",No Image Found
https://www.bbc.co.uk/sport/football/65586218,"Paris St-Germain 5-0 AC Ajaccio: Lionel Messi booed, Thomas Mangani & Achraf Hakimi sent off - BBC Sport",188.74.183.10,13 May 2023,Lionel Messi is booed by some Paris St-Germain fans in his first match since being suspended by the club as the Ligue 1 leaders beat Ajaccio 5-0.,No Image Found
https://www.bbc.co.uk/sport/football/65573229,Lionel Messi: Argentina captain to start for Paris St-Germain for first time since suspension - BBC Sport,188.74.210.207,12 May 2023,Lionel Messi will return to Paris St-Germain's starting line-up on Saturday for the first time since being suspended by the club for making an unauthorised trip to Saudi Arabia.,No Image Found
https://www.bbc.co.uk/sport/65528208,Laureus Sport Awards: Lionel Messi & Argentina World Cup team win Laureus awards - BBC Sport,188.74.210.207,8 May 2023,Lionel Messi and his World Cup-winning Argentina team complete a double by winning Sportsman and Team of the Year at the Laureus World Sports Awards.,No Image Found
https://www.bbc.co.uk/sport/football/65510146,Troyes 1-3 Paris St-Germain: PSG win first game after suspending Lionel Messi - BBC Sport,185.199.231.45,7 May 2023,Paris St-Germain move to within three wins of the Ligue 1 title with a dominant victory that dents Troyes' survival hopes.,No Image Found
https://www.bbc.co.uk/sport/football/65498845,Lionel Messi: Paris St-Germain forward apologises for unauthorised trip to Saudi Arabia - BBC Sport,188.74.183.10,5 May 2023,Paris St-Germain forward Lionel Messi apologises to his team-mates for travelling to Saudi Arabia without the club's permission.,No Image Found
https://www.bbc.co.uk/sport/football/65481642,Paris St-Germain increasing security for Lionel Messi and Neymar after fan protests - BBC Sport,45.94.47.66,4 May 2023,Paris St-Germain are increasing security at the homes of Lionel Messi and Neymar following fan protests.,No Image Found
https://www.bbc.co.uk/sport/football/65465532,Lionel Messi: Argentina forward to leave Paris St-Germain at end of season - BBC Sport,45.155.68.129,3 May 2023,Lionel Messi will be looking for a new club this summer after both him and PSG decide not to extend his stay in Paris.,No Image Found
https://www.bbc.co.uk/sport/av/football/65472302,Manchester City: Pep Guardiola compares Erling Haaland to Lionel Messi - BBC Sport,154.95.36.199,3 May 2023,Manchester City manager Pep Guardiola says Haaland's 'goals and mentality' is similar to Messi as he compares the two players.,https://ichef.bbci.co.uk/images/ic/400xn/p0fl4pm9.jpg
https://www.bbc.co.uk/sport/football/65461978,Lionel Messi suspended by Paris St-Germain for two weeks over Saudi Arabia trip - BBC Sport,188.74.183.10,3 May 2023,Argentina captain Lionel Messi is suspended for two weeks by Paris St-Germain for missing training to travel to Saudi Arabia without the club's permission.,No Image Found
https://www.bbc.co.uk/sport/football/65438469,Lionel Messi: Why dream return to Barcelona looks very unlikely - BBC Sport,185.199.228.220,1 May 2023,Spanish football expert Guillem Balague explains why Lionel Messi's dream return to Barca is looking very unlikely.,No Image Found
https://www.bbc.co.uk/sport/football/65223407,"Erling Haaland: Man City striker 'on Cristiano Ronaldo & Lionel Messi level', says Pep Guardiola - BBC Sport",185.199.231.45,8 April 2023,"Erling Haaland's ""exceptional"" bicycle kick in Manchester City's 4-1 win at Southampton takes him to a record 30 goals in the Premier League this season.",No Image Found
https://www.bbc.co.uk/sport/football/65223291,Nice 0-2 Paris St Germain: Lionel Messi stars as PSG go six points clear in Ligue 1 - BBC Sport,188.74.210.207,8 April 2023,Goals from Lionel Messi and Sergio Ramos give Paris St-Germain victory at Nice as they move six points clear of Lens in Ligue 1.,No Image Found
https://www.bbc.co.uk/sport/football/65197623,Lionel Messi: Where will Argentina legend be playing next season? - BBC Sport,154.95.36.199,6 April 2023,"There are a number of places where Lionel Messi could be playing football next season, writes Spanish football expert Guillem Balague.",No Image Found
https://www.bbc.co.uk/sport/football/65158596,PSG 0-1 Lyon: Lionel Messi's name whistled by own fans as PSG lose again - BBC Sport,188.74.183.10,2 April 2023,Lionel Messi's name is met by whistles from some Paris St-Germain fans before they fall to a seventh defeat of 2023 against Lyon.,No Image Found
https://www.bbc.co.uk/sport/football/65142043,Lionel Messi: Barcelona 'in contact' with PSG forward about Nou Camp return - BBC Sport,188.74.183.10,31 March 2023,"Barcelona are in contact with Paris St-Germain forward Lionel Messi about returning to the Nou Camp, says vice-president Rafael Yuste.",No Image Found
https://www.bbc.co.uk/sport/football/65108739,Argentina 7-0 Curacao: Lionel Messi hat-trick as he passes 100 international goals - BBC Sport,185.199.229.156,29 March 2023,Lionel Messi moves onto 102 international goals with a seventh hat-trick for Argentina in a 7-0 friendly win at home to Curacao.,No Image Found
https://www.bbc.co.uk/sport/football/64894452,Lionel Messi: Argentina & Paris St-Germain forward reaches 800 goals - BBC Sport,188.74.183.10,24 March 2023,Lionel Messi scores his 800th top-level goal with a free-kick for Argentina in a friendly against Panama in Buenos Aires.,No Image Found
https://www.bbc.co.uk/sport/football/64894272,Lionel Messi remains keen on new Paris St-Germain deal - Guillem Balague - BBC Sport,185.199.228.220,9 March 2023,"Lionel Messi wants PSG to confirm they will continue to compete at the top level before he signs a new deal, says Guillem Balague.",No Image Found
https://www.bbc.co.uk/sport/football/64797003,Fifa Best Awards: David Alaba says Lionel Messi vote was Austria team decision - BBC Sport,185.199.228.220,28 February 2023,David Alaba says it was an Austria team decision for him to vote for Lionel Messi over Real Madrid team-mate Karim Benzema at the Best Fifa Awards.,No Image Found
https://www.bbc.co.uk/sport/football/64790342,Lionel Messi: Argentina forward wins Best Fifa men's player of the year award - BBC Sport,185.199.229.156,28 February 2023,Argentina and Paris St-Germain forward Lionel Messi is named the 2022 men's player of the year at the Best Fifa Awards.,No Image Found
https://www.bbc.co.uk/sport/football/64781041,Marseille 0-3 Paris St-Germain: Lionel Messi & Kylian Mbappe reach landmarks - BBC Sport,154.95.36.199,26 February 2023,Lionel Messi scores his 700th club goal and Kylian Mbappe becomes Paris St-Germain's joint-record scorer in a 3-0 win over Marseille.,No Image Found
https://www.bbc.co.uk/sport/live/football/64722391,"Watch The Best Fifa Football Awards 2022 LIVE: Lionel Messi, Kylian Mbappe and Beth Mead nominated - Live - BBC Sport",38.154.227.167,27 February 2023,"Recap and reaction from The Best Fifa Fooball Awards 2022 in Paris, France.",No Image Found
https://www.bbc.co.uk/sport/football/64697235,Paris St-Germain 4-3 Lille: Neymar carried off before Lionel Messi scores winner - BBC Sport,188.74.210.207,19 February 2023,Paris St-Germain forward Neymar is carried off on a stretcher before Lionel Messi scores a stoppage-time winner against Lille.,No Image Found
https://www.bbc.co.uk/sport/football/64601797,Beth Mead and Lionel Messi on Best Fifa player shortlists - BBC Sport,185.199.231.45,10 February 2023,"Lionel Messi is on a shortlist of three to be named the Best Fifa men's player for 2022, while England's Euro 2022 winner Beth Mead is nominated for the women's award,",No Image Found
https://www.bbc.co.uk/sport/football/64337699,Cristiano Ronaldo and Lionel Messi both score in exhibition - BBC Sport,185.199.231.45,19 January 2023,Cristiano Ronaldo scores twice in his first game in Saudi Arabia and Lionel Messi is also on the scoresheet as PSG edge a Riyadh All-Stars XI.,No Image Found
https://www.bbc.co.uk/sport/live/football/64337776,PSG vs Riyadh All-Star XI: Lionel Messi and Cristiano Ronaldo both on target - Live - BBC Sport,188.74.183.10,19 January 2023,Paris St-Germain beat an All-Star XI from Saudi Arabia's Al-Nassr and Al-Hilal at King Fahd Stadium in Riyadh.,No Image Found
https://www.bbc.co.uk/sport/football/64268892,"Lionel Messi: No Saudi Arabia offer for Paris St-Germain forward, says Guillem Balague - BBC Sport",154.95.36.199,13 January 2023,"Paris St-Germain forward Lionel Messi has not been approached by Al Hilal and would not consider a move to Saudi Arabia, Spanish football expert Guillem Balague says.",No Image Found
https://www.bbc.co.uk/sport/football/64254793,Fifa Best Awards 2022: England Lionesses and Lionel Messi lead nominees - BBC Sport,154.95.36.199,12 January 2023,"Argentina forward Lionel Messi and England trio Leah Williamson, Beth Mead and Keira Walsh are among the nominees for the Fifa Best Awards.",No Image Found
https://www.bbc.co.uk/sport/football/64244523,Paris St-Germain 2-0 Angers: Lionel Messi scores as Ligue 1 leaders win at home - BBC Sport,185.199.231.45,11 January 2023,Lionel Messi scores in his first game for Paris St-Germain since winning the World Cup with Argentina.,No Image Found
https://www.bbc.co.uk/sport/football/64031342,Lionel Messi & Paris Saint-Germain reach 'agreement in principle' to renew contract - Guillem Balague - BBC Sport,45.94.47.66,24 December 2022,"Argentina captain Lionel Messi reaches an ""agreement in principle"" to renew his contract at Paris St-Germain says BBC Sport's Guillem Balague.",No Image Found
https://www.bbc.co.uk/news/uk-england-northamptonshire-64075826,"Lionel Messi World Cup Instagram image was luck, says Northampton photographer - BBC News",185.199.229.156,23 December 2022,An English photographer recalls snapping the World Cup image that became Instagram's most-liked post.,https://ichef.bbci.co.uk/news/976/cpsprodpb/888C/production/_128065943_gettyimages-1450389057.jpg
https://www.bbc.co.uk/news/technology-64003233,Lionel Messi World Cup Instagram post is most-liked ever - BBC News,188.74.210.21,20 December 2022,The Argentine footballer has picked up more than 57 million likes for his collection of photos.,https://ichef.bbci.co.uk/news/976/cpsprodpb/888C/production/_128065943_gettyimages-1450389057.jpg
https://www.bbc.co.uk/sport/sports-personality/64027088,Lionel Messi named BBC Sports Personality's World Sport Star of the Year - BBC Sport,188.74.210.21,19 December 2022,Lionel Messi is named BBC Sports Personality's World Sport Star of the Year after inspiring Argentina to World Cup glory.,No Image Found
https://www.bbc.co.uk/sport/football/64018448,World Cup final: Lionel Messi lifts trophy in bisht - traditional Arab robe - BBC Sport,185.199.229.156,18 December 2022,How Argentina great Lionel Messi lifting the famous trophy was an iconic moment that will live forever in World Cup history and Middle East imagery.,No Image Found
https://www.bbc.co.uk/sport/football/64020971,World Cup final: Lionel Messi says he wants to keep playing for Argentina - BBC Sport,185.199.229.156,18 December 2022,Lionel Messi says he will not retire from international football after helping Argentina win the World Cup for the first time in 36 years.,No Image Found
https://www.bbc.co.uk/sport/av/football/64020743,World Cup 2022: Lionel Messi's reaction to Argentina winning World Cup - BBC Sport,185.199.231.45,18 December 2022,Watch Lionel Messi's reaction after Gonzalo Montiel scores the decisive penalty as Argentina beat France 4-2 to win a thrilling World Cup final.,https://ichef.bbci.co.uk/images/ic/400xn/p0b36kgx.png
https://www.bbc.co.uk/sport/football/64021057,World Cup final: Lionel Messi leads Argentina to glory - is he now football's greatest? - BBC Sport,45.94.47.66,18 December 2022,"After Lionel Messi led Argentina to World Cup glory, no-one can now deny he belongs in the same pantheon as Pele and Diego Maradona.",No Image Found
https://www.bbc.co.uk/sport/av/football/64021183,World Cup 2022: The story of Lionel Messi's incredible footballing journey - BBC Sport,185.199.231.45,18 December 2022,Watch the story of Lionel Messi from his early years in Rosario to captaining his country to glory at the Copa America in 2021.,https://ichef.bbci.co.uk/images/ic/400xn/p0b36kgx.png
https://www.bbc.co.uk/sport/football/64019023,World Cup final: Lionel Messi named best player as Kylian Mbappe wins Golden Boot - BBC Sport,154.95.36.199,18 December 2022,France's Kylian Mbappe beats Argentina's Lionel Messi to the World Cup Golden Boot award in the final.,No Image Found
https://www.bbc.co.uk/sport/av/football/64021177,World Cup final: Lionel Messi lifts World Cup trophy for Argentina - BBC Sport,188.74.183.10,18 December 2022,Watch the moment Lionel Messi lifts the World Cup trophy for Argentina after they beat France 4-2 on penalties after a thrilling 3-3 draw in the final.,https://ichef.bbci.co.uk/images/ic/400xn/p0b36kgx.png
https://www.bbc.co.uk/sport/av/football/64020570,World Cup final: Lionel Messi restores Argentina's lead in extra time - BBC Sport,185.199.229.156,18 December 2022,Lionel Messi restores Argentina's lead in extra time as they lead France 3-2 in the World Cup final.,https://ichef.bbci.co.uk/images/ic/400xn/p0b36kgx.png
https://www.bbc.co.uk/sport/av/football/64019605,World Cup final: Lionel Messi penalty gives Argentina lead over France - BBC Sport,45.155.68.129,18 December 2022,Argentina take the lead in the World Cup final as Lionel Messi scores from the penalty spot against France.,https://ichef.bbci.co.uk/images/ic/400xn/p0b36kgx.png
https://www.bbc.co.uk/sport/football/63978361,World Cup 2022: Lionel Messi and Diego Maradona's World Cup records compared - BBC Sport,38.154.227.167,18 December 2022,"Lionel Messi seeks to emulate Diego Maradona by winning the World Cup with Argentina, but how does their influence compare in their runs to the final?",No Image Found
https://www.bbc.co.uk/sport/football/63986087,Lionel Messi: Inside Argentina captain's quest for World Cup 2022 glory - BBC Sport,188.74.210.207,17 December 2022,"As Lionel Messi bids to lead Argentina to World Cup glory, his biography writer Guillem Balague takes a closer look at his journey.",No Image Found
https://www.bbc.co.uk/sport/football/64008374,"World Cup 2022: Argentina v France: 'Win or lose, the joy of Lionel Messi will be missed' - Gary Lineker - BBC Sport",185.199.229.156,17 December 2022,"Lionel Messi's World Cup story is almost over but, however it ends, Gary Lineker feels things will be a lot less enjoyable without him.",No Image Found
https://www.bbc.co.uk/sport/av/football/64007031,World Cup 2022: Behind the scenes of Lionel Messi's legendary semi-final performance against Croatia - BBC Sport,185.199.229.156,16 December 2022,Watch behind-the-scenes footage and match action from Lionel Messi's stunning semi-final performance in Argentina's World Cup semi-final win against Croatia.,https://ichef.bbci.co.uk/images/ic/400xn/p0b36kgx.png
https://www.bbc.co.uk/sport/football/63986719,Lionel Messi: Australia midfielder Riley McGree on World Cup meeting - BBC Sport,185.199.229.156,15 December 2022,"Middlesbrough's Riley McGree says sharing the pitch with ""the great"" Lionel Messi was a World Cup moment to savour.",No Image Found
https://www.bbc.co.uk/sport/football/63972081,World Cup 2022: Lionel Messi v Kylian Mbappe final - which players have dominated tournaments? - BBC Sport,185.199.231.45,15 December 2022,Will Argentina's Lionel Messi or France's Kylian Mbappe inspire their nation to World Cup success? BBC Sport looks at other players who have been instrumental in earlier tournaments.,No Image Found
https://www.bbc.co.uk/sport/av/football/63918577,Lionel Messi: Watch all of his World Cup goals from 2006 to 2022 - BBC Sport,188.74.183.10,14 December 2022,Watch all of Lionel Messi's World Cup goals after he lead Argentina to glory in the final at Qatar 2022.,https://ichef.bbci.co.uk/images/ic/400xn/p0b36kgx.png
https://www.bbc.co.uk/sport/football/63967318,Lionel Messi says final will be last World Cup game for Argentina - BBC Sport,185.199.228.220,14 December 2022,Argentina forward Lionel Messi says Sunday's final against France or Morocco will be the last World Cup game of his career.,No Image Found
https://www.bbc.co.uk/sport/av/football/63966659,World Cup 2022: 'Incredible Lionel Messi just makes things happen' - Pablo Zabaleta - BBC Sport,185.199.228.220,13 December 2022,"Former Argentina international Pablo Zabaleta calls Lionel Messi ""incredible"" as he wins his fourth player of the match award of the World Cup after inspiring his team to the final with a goal and assist during their 3-0 win over Croatia.",https://ichef.bbci.co.uk/images/ic/400xn/p0b36kgx.png
https://www.bbc.co.uk/sport/football/63964902,World Cup 2022: Lionel Messi called best player ever as pundits react to Argentine's masterclass - BBC Sport,45.155.68.129,13 December 2022,Lionel Messi was dubbed the greatest player of all time as he led Argentina into the World Cup final - and one last chance to win the most famous trophy of all.,No Image Found
https://www.bbc.co.uk/sport/football/63966798,World Cup 2022: 'Lionel Messi on brink of making Qatar tournament his' - BBC Sport,38.154.227.167,13 December 2022,"Argentina winning the World Cup will see Qatar 2022 become known as Lionel Messi's World Cup, writes BBC Sport's Phil McNulty.",No Image Found
https://www.bbc.co.uk/sport/av/football/63966654,World Cup 2022: Lionel Messi leads Argentina's full-time celebrations - BBC Sport,188.74.210.21,13 December 2022,Lionel Messi leads the celebrations as Argentina reach World Cup final after beating Croatia 3-0.,https://ichef.bbci.co.uk/images/ic/400xn/p0b36kgx.png
https://www.bbc.co.uk/sport/football/63965255,World Cup 2022: Lionel Messi voted your star player in semi-final win - BBC Sport,185.199.231.45,13 December 2022,Lionel Messi was voted player of the match as he led his side to the World Cup final with victory over Croatia in Qatar.,No Image Found
https://www.bbc.co.uk/sport/av/football/63966210,World Cup 2022: Lionel Messi brilliantly sets up Julian Alvarez for Argentina's third - BBC Sport,188.74.210.207,13 December 2022,Lionel Messi brilliantly sets up Julian Alvarez for Argentina's third goal against Croatia.,https://ichef.bbci.co.uk/images/ic/400xn/p0b36kgx.png
https://www.bbc.co.uk/sport/av/football/63966102,World Cup 2022: Lionel Messi gives Argentina the lead over Croatia - BBC Sport,185.199.228.220,13 December 2022,Lionel Messi converts from the penalty spot to give Argentina the lead over Croatia.,https://ichef.bbci.co.uk/images/ic/400xn/p0b36kgx.png
https://www.bbc.co.uk/sport/av/football/63966099,World Cup 2022: Lionel Messi and Julian Alvarez shine as Argentina reach final - BBC Sport,185.199.229.156,13 December 2022,Lionel Messi and Julian Alvarez shine for Argentina as they beat Croatia 3-0 to reach the World Cup final.,https://ichef.bbci.co.uk/images/ic/400xn/p0b36kgx.png
https://www.bbc.co.uk/sport/football/63934409,World Cup 2022: Argentina v Croatia - Lionel Messi and Luka Modric battle for last final - BBC Sport,45.94.47.66,12 December 2022,Argentina's Lionel Messi and Luka Modric of Croatia have a lot in common - but only one will get a final chance to win a World Cup.,No Image Found
https://www.bbc.co.uk/sport/av/football/63878610,Lionel Messi: The humble beginnings of a legend - BBC Sport,38.154.227.167,12 December 2022,"As a young boy, Lionel Messi was already showing glimpses of his genius. Those who watched him on the pitches of Rosario, Argentina knew they were witnessing something special.",https://ichef.bbci.co.uk/images/ic/400xn/p0b36kgx.png
https://www.bbc.co.uk/sport/av/football/63924197,World Cup 2022: Lionel Messi gives Argentina 2-0 lead over the Dutch from penalty spot - BBC Sport,188.74.210.21,9 December 2022,Lionel Messi converts from the penalty spot as Argentina take 2-0 lead over the Netherlands in their World Cup quarter-final.,https://ichef.bbci.co.uk/images/ic/400xn/p0b36kgx.png
https://www.bbc.co.uk/sport/av/football/63923732,World Cup 2022: Nahuel Molina gives Argentina the lead after brilliant Lionel Messi assist - BBC Sport,185.199.229.156,9 December 2022,"Argentina strike first! The goal is made by Lionel Messi, who drives forward and then strokes a pinpoint pass through the Dutch defence for Nahuel Molina to poke a low shot past Andries Noppert.",https://ichef.bbci.co.uk/images/ic/400xn/p0b36kgx.png
https://www.bbc.co.uk/sport/football/63848847,"World Cup 2022: Lionel Messi keeps Argentina dreams alive after scoring in 1,000th game - BBC Sport",185.199.228.220,3 December 2022,"On his 1,000th appearance in professional football, Lionel Messi stepped up again to keep Argentina's World Cup dream alive.",No Image Found
https://www.bbc.co.uk/sport/av/football/63849156,Lionel Messi: Rio Ferdinand calls display for Argentina against Australia 'best' of World Cup 2022 - BBC Sport,188.74.183.10,3 December 2022,"Rio Ferdinand describes Lionel Messi's game against Australia as the ""best individual performance"" of the World Cup, as Argentina won 2-1 to reach the quarter-finals.",https://ichef.bbci.co.uk/images/ic/400xn/p0b36kgx.png
https://www.bbc.co.uk/sport/football/63765129,"World Cup 2022: Argentina 2-1 Australia: Lionel Messi scores in 1,000th game - BBC Sport",188.74.210.207,3 December 2022,"Lionel Messi produces a moment of magic in his 1,000th career game as Argentina beat Australia to reach the World Cup quarter-finals.",No Image Found
https://www.bbc.co.uk/sport/av/football/63849058,World Cup 2022: Lionel Messi scores as Argentina beat Australia - BBC Sport,185.199.228.220,3 December 2022,Watch highlights as goals from Lionel Messi and Julian Alvarez help Argentina reach the quarter-finals with victory against a spirited Australia side.,https://ichef.bbci.co.uk/images/ic/400xn/p0b36kgx.png
https://www.bbc.co.uk/sport/av/football/63848908,"World Cup 2022: Lionel Messi scores for Argentina against Australia on 1,000th appearance - BBC Sport",185.199.229.156,3 December 2022,"Lionel Messi scores in his 1,000th game to give Argentina the lead against Australia in the World Cup round of 16.",https://ichef.bbci.co.uk/images/ic/400xn/p0b36kgx.png
https://www.bbc.co.uk/sport/av/football/63817020,World Cup 2022: MOTD pundits on why Lionel Messi was Argentina's 'best player' against Poland - BBC Sport,185.199.229.156,30 November 2022,"BBC Sport's Gary Lineker, Alan Shearer and Rio Ferdinand explain why Lionel Messi was ""the best player on the pitch"" during Argentina's World Cup victory over Poland.",https://ichef.bbci.co.uk/images/ic/400xn/p0b36kgx.png
https://www.bbc.co.uk/sport/av/football/63767184,World Cup 2022: Argentina go through after beating Poland 2-0 despite Lionel Messi penalty miss - BBC Sport,188.74.210.207,30 November 2022,Argentina complete a turnaround from the shock opening World Cup loss to Saudi Arabia by qualifying for the last 16 in impressive style against Poland.,https://ichef.bbci.co.uk/images/ic/400xn/p0b36kgx.png
https://www.bbc.co.uk/sport/av/football/63815271,World Cup 2022: Wojciech Szczesny makes brilliant save to stop Lionel Messi's penalty - BBC Sport,45.155.68.129,30 November 2022,Watch the moment Poland goalkeeper Wojciech Szczesny makes a superb save to deny Lionel Messi's penalty for Argentina at the World Cup.,https://ichef.bbci.co.uk/images/ic/400xn/p0b36kgx.png
https://www.bbc.co.uk/sport/football/63696887,World Cup 2022: Why Lionel Messi is Argentina’s 'true leader' now - Pablo Zabaleta - BBC Sport,45.155.68.129,30 November 2022,"Pablo Zabaleta on how his former Argentina team-mate Lionel Messi is a different person now, and why winning this World Cup would mean so much to him.",No Image Found
https://www.bbc.co.uk/sport/football/63770782,"World Cup 2022: 'Where there is Lionel Messi, there is hope for Argentina' - BBC Sport",188.74.183.10,26 November 2022,BBC Sport's Phil McNulty reflects on a tense night for Argentina and Lionel Messi after their 2-0 victory over Mexico in their second group-stage match at the World Cup.,No Image Found
https://www.bbc.co.uk/sport/av/football/63770404,World Cup 2022: Lionel Messi strike gives Argentina the lead over Mexico - BBC Sport,188.74.183.10,26 November 2022,Argentina captain Lionel Messi rescues Argentina with a lovely long-range goal and then enjoys an ecstatic communion with the Argentina fans during the crucial match with Mexico at the World Cup.,https://ichef.bbci.co.uk/images/ic/400xn/p0b36kgx.png
https://www.bbc.co.uk/sport/football/63685898,Argentina 2-0 Mexico: Lionel Messi & Enzo Fernandez score in crucial win - BBC Sport,188.74.210.21,26 November 2022,Lionel Messi scores a superb goal as Argentina get a vital victory over Mexico to boost their hopes of qualifying for the World Cup last 16.,No Image Found
https://www.bbc.co.uk/sport/av/football/63770400,World Cup 2022: Lionel Messi rescues Argentina against Mexico before wonderful Enzo Fernandez strike - BBC Sport,185.199.228.220,26 November 2022,Lionel Messi's strike opens the scoring for Argentina in their must-not-lose World Cup Group C match with Mexico before Enzo Fernandez's sublime effort seals victory.,https://ichef.bbci.co.uk/images/ic/400xn/p0b36kgx.png
https://www.bbc.co.uk/sport/av/football/63716388,2022 World Cup: Argentina take lead through controversial Lionel Messi penalty - BBC Sport,45.155.68.129,22 November 2022,Watch as Argentina take lead through controversial Lionel Messi penalty against Saudi Arabia at the Fifa World Cup.,https://ichef.bbci.co.uk/images/ic/400xn/p0b36kgx.png
https://www.bbc.co.uk/sport/av/football/63683582,World Cup 2022: Robert Lewandowski on the World Cup and facing Lionel Messi - BBC Sport,185.199.228.220,22 November 2022,"Poland and Barcelona striker Robert Lewandowski says the World Cup in Qatar will be ""a little bit strange"", but looks forward to playing against Argentina and Lionel Messi.",https://ichef.bbci.co.uk/images/ic/400xn/p0dh7qsn.jpg
https://www.bbc.co.uk/sport/av/football/63662338,Lionel Messi: Watch all six of the Argentina forward's World Cup goals - BBC Sport,188.74.210.21,18 November 2022,Watch Lionel Messi's six World Cup finals goals - starting with his first against Serbia & Montenegro in 2006.,https://ichef.bbci.co.uk/images/ic/400xn/p0b36kgx.png
https://www.bbc.co.uk/sport/football/63601680,World Cup 2022: Lionel Messi joined by five Premier League players in Argentina squad - BBC Sport,45.94.47.66,17 November 2022,Lionel Messi heads Argentina's 26-man squad which also includes five Premier League players.,No Image Found
https://www.bbc.co.uk/sport/football/63655790,World Cup 2022: Lionel Messi and Angel di Maria score as Argentina thump UAE in warm-up - BBC Sport,188.74.210.21,16 November 2022,Argentina extend their unbeaten run to 36 matches with a comfortable 5-0 win over the United Arab Emirates in their final World Cup warm-up game.,No Image Found
https://www.bbc.co.uk/sport/av/football/63648420,Lionel Messi: How Ronaldinho helped Messi become the GOAT - BBC Sport,154.95.36.199,16 November 2022,Lionel Messi's former team-mates praise Ronaldinho for helping Lionel Messi to become one of football's greatest players.,https://ichef.bbci.co.uk/images/ic/400xn/p0dgkjcq.jpg
https://www.bbc.co.uk/sport/av/football/63506830,The Football News Show: What next for Lionel Messi? - BBC Sport,45.155.68.129,4 November 2022,The Football News Show: What next for Lionel Messi?,https://ichef.bbci.co.uk/images/ic/400xn/p0dcpzj0.jpg
https://www.bbc.co.uk/sport/football/63502135,Lionel Messi: Guillem Balague on where PSG forward could be playing next season - BBC Sport,45.155.68.129,4 November 2022,Spanish football expert Guillem Balague takes a look at where Lionel Messi could be playing next season.,No Image Found
https://www.bbc.co.uk/sport/av/football/63477055,Lionel Messi v Cristiano Ronaldo: Who is the greatest of all time? - BBC Sport,45.155.68.129,1 November 2022,Football experts and former team-mates of Lionel Messi and Cristiano Ronaldo give their take on the Messi versus Ronaldo debate.,https://ichef.bbci.co.uk/images/ic/400xn/p0dc4rvz.jpg
https://www.bbc.co.uk/sport/av/football/63415745,Lionel Messi: Ex-Man Utd defender Rio Ferdinand on Champions League final defeats by Barcelona - BBC Sport,188.74.183.10,31 October 2022,Former Manchester United defender Rio Ferdinand revisits his two Champions League final defeats by a Barcelona side featuring Lionel Messi.,https://ichef.bbci.co.uk/images/ic/400xn/p0dbrbn1.jpg
https://www.bbc.co.uk/sport/football/63442631,"Paris St-Germain 4-3 Troyes: Lionel Messi, Neymar and Kylian Mbappe all score in PSG's win - BBC Sport",154.95.36.199,29 October 2022,"Lionel Messi, Kylian Mbappe and Neymar star as defending champions PSG come from behind twice to beat Troyes in Ligue 1.",No Image Found
https://www.bbc.co.uk/sport/football/63395394,Paris St-Germain 7-2 Maccabi Haifa: Lionel Messi and Kylian Mbappe both score two goal - BBC Sport,45.155.68.129,25 October 2022,Lionel Messi and Kylian Mbappe both score two goals as Paris St-Germain thrash Maccabi Haifa to reach the last 16 of the Champions League.,No Image Found
https://www.bbc.co.uk/sport/av/football/63380428,Lionel Messi: Cesc Fabregas relives playing with the Argentine at Barcelona's academy - BBC Sport,45.155.68.129,25 October 2022,Cesc Fabregas describes being out-skilled by a young Lionel Messi when the pair met for the first time at Barcelona’s 'La Masia' youth academy.,https://ichef.bbci.co.uk/images/ic/400xn/p0dpmtx9.jpg
https://www.bbc.co.uk/sport/av/football/63352445,Messi: Watch trailer for BBC's new Lionel Messi documentary - BBC Sport,45.94.47.66,22 October 2022,"Watch the extended trailer for the new BBC documentary, 'Messi' streaming now on iPlayer.",https://ichef.bbci.co.uk/images/ic/400xn/p0d8tkg8.jpg
https://www.bbc.co.uk/sport/football/63328334,Lionel Messi: Five things we learned from new BBC film - BBC Sport,45.94.47.66,20 October 2022,"Five takeaways from the BBC film, Messi: The Enigma, which comes to iPlayer on Saturday.",No Image Found
https://www.bbc.co.uk/sport/football/63178900,Kylian Mbappe beats Lionel Messi and Cristiano Ronaldo to top Forbes rich list - BBC Sport,185.199.231.45,7 October 2022,Kylian Mbappe tops the Forbes list for highest-earning footballers - the first time someone other than Lionel Messi or Cristiano Ronaldo has been number one for nine years.,No Image Found
https://www.bbc.co.uk/sport/football/63166171,Lionel Messi: Argentina forward says Qatar 2022 will 'surely' be his last World Cup - BBC Sport,45.155.68.129,6 October 2022,"Argentina captain Lionel Messi says November's World Cup in Qatar will ""surely"" be his last.",No Image Found
https://www.bbc.co.uk/sport/football/63080683,Benfica 1-1 Paris Saint Germain: Brilliant Lionel Messi goal cancelled out in draw - BBC Sport,38.154.227.167,5 October 2022,Benfica and PSG maintain their unbeaten Champions League group stage records in an entertaining draw in Lisbon.,No Image Found
https://www.bbc.co.uk/sport/football/63058346,Argentina: Lionel Messi scores twice against Jamaica in 100th international win - BBC Sport,45.155.68.129,28 September 2022,Lionel Messi marks 100th international win with two goals as Argentina beat Jamaica 3-0 in a friendly.,No Image Found
https://www.bbc.co.uk/sport/football/62973242,"Martin Boyle: Hibs & Australia forward on World Cup, Lionel Messi & Panini stickers - BBC Sport",188.74.183.10,21 September 2022,Hibernian and Australia forward Martin Boyle tells Tom English about his whirlwind year and looks forward to the World Cup this winter.,No Image Found
https://www.bbc.co.uk/sport/football/62950758,Lyon 0-1 Paris Saint Germain: Lionel Messi scores winner from Neymar assist - BBC Sport,185.199.231.45,18 September 2022,Lionel Messi scores the winner as Paris St-Germain beat Lyon to maintain their unbeaten start to Ligue 1.,No Image Found
https://www.bbc.co.uk/sport/football/62909080,"Maccabi Haifa 1-3 PSG: Lionel Messi, Neymar and Kylian Mbappe score as PSG survive scare - BBC Sport",185.199.228.220,14 September 2022,"Lionel Messi, Neymar and Kylian Mbappe score as PSG came from behind to beat Maccabi Haifa in the Champions League on Wednesday.",No Image Found
https://www.bbc.co.uk/sport/football/62783351,Nantes 0-3 Paris St-Germain: Lionel Messi assists Kylian Mbappe twice as PSG see off ten-man hosts - BBC Sport,185.199.229.156,3 September 2022,Kylian Mbappe scores two goals from Lionel Messi passes as Paris St-Germain see off ten-man Nantes in Ligue 1.,No Image Found
https://www.bbc.co.uk/sport/football/62747015,"Toulouse 0-3 PSG: Neymar, Kylian Mbappe score and Lionel Messi with two assists - BBC Sport",188.74.183.10,31 August 2022,PSG maintain their unbeaten start to the Ligue 1 season under new boss Christophe Galtier with a comfortable victory at Toulouse.,No Image Found
https://www.bbc.co.uk/sport/football/61700518,Argentina 5-0 Estonia: Lionel Messi scores five times in friendly win - BBC Sport,185.199.231.45,5 June 2022,"Lionel Messi scores all five of Argentina's goals as they continue their fine form by thrashing Estonia in a friendly in Pamplona, Spain.",No Image Found
https://www.bbc.co.uk/sport/football/60977663,"PSG 5-1 Lorient: Kylian Mbappe, Neymar, Lionel Messi all score - BBC Sport",188.74.210.207,3 April 2022,Kylian Mbappe scores twice and provides three assists as Paris St-Germain maintain their 12-point lead at the top of Ligue 1 with victory over lowly Lorient.,No Image Found
https://www.bbc.co.uk/sounds/play/p0bmqxt8,If Blackburn Signed Zidane - What if Lionel Messi had opted to play for Spain? - BBC Sounds,185.199.231.45,Date not found,Specs Gonzalez is joined by Tego and Thogden to change football history.,No Image Found
https://www.bbc.co.uk/sport/football/60281752,Lille 1-5 Paris St-Germain: Lionel Messi scores his second Ligue 1 goal in win - BBC Sport,188.74.210.207,6 February 2022,Lionel Messi scores only his second Ligue 1 goal as Paris St-Germain thrash defending champions Lille to go 13 points clear at the top.,No Image Found
https://www.bbc.co.uk/sport/live/football/59958722,"Watch The Best Fifa Awards 2022 LIVE: Mo Salah, Lionel Messi & Sam Kerr among nominees - Live - BBC Sport",45.94.47.66,17 January 2022,"Watch live coverage and follow text updates from the Best Fifa Football Awards in Zurich, Switzerland.",No Image Found
https://www.bbc.co.uk/sport/football/59852819,Lionel Messi: Paris St-Germain forward isolating after testing positive for Covid-19 - BBC Sport,188.74.210.207,2 January 2022,Argentina forward Lionel Messi is one of four Paris St-Germain players to test positive for Covid-19.,No Image Found
https://www.bbc.co.uk/sport/football/59477629,Lionel Messi beats Robert Lewandowski to Ballon d'Or and everyone is arguing - BBC Sport,154.95.36.199,30 November 2021,"Football players, pundits and fans can't agree on the results of this year's Ballon d'Or vote and many are saying Robert Lewandowski was robbed.",No Image Found
https://www.bbc.co.uk/sport/football/59473338,Cristiano Ronaldo disputes Ballon d'Or organiser's claim about outdoing Lionel Messi - BBC Sport,185.199.231.45,30 November 2021,Cristiano Ronaldo accuses the France Football editor of lying after he said the Portuguese's only ambition was to retire with more Ballons d'Or than Lionel Messi.,No Image Found
https://www.bbc.co.uk/sport/football/59454640,Ballon d'Or: Lionel Messi wins award as best player in world football for seventh time - BBC Sport,45.94.47.66,29 November 2021,Paris St-Germain and Argentina forward Lionel Messi wins the Ballon d'Or - awarded to the best footballer of the year - for a seventh time.,No Image Found
https://www.bbc.co.uk/sport/av/football/59470734,Ballon d'Or 2021: Watch Lionel Messi win record seventh trophy - BBC Sport,188.74.210.21,29 November 2021,"Watch the moment Paris St-Germain and Argentina forward Lionel Messi wins a record seventh Ballon d'Or, beating Robert Lewandowski and Jorginho.",https://ichef.bbci.co.uk/images/ic/400xn/p0b36kgx.png
https://www.bbc.co.uk/sport/football/59362388,Paris St-Germain 3-1 Nantes: Lionel Messi opens Ligue 1 account as 10-man leaders win - BBC Sport,188.74.210.21,20 November 2021,Lionel Messi scores his first goal in Ligue 1 as 10-man Paris St-Germain move 13 points clear with a late rally to beat Nantes.,No Image Found
https://www.bbc.co.uk/sport/football/59116906,Lionel Messi: Argentine 'would love' to return to Barcelona as a sporting director - BBC Sport,185.199.229.156,1 November 2021,"Paris St-Germain forward Lionel Messi says he ""would love"" to return to Barcelona as a sporting director.",No Image Found
https://www.bbc.co.uk/sport/football/58974287,Paris St-Germain 3-2 RB Leipzig: Lionel Messi scores twice in comeback win - BBC Sport,188.74.210.207,19 October 2021,Lionel Messi scores twice as Paris St-Germain come from behind to beat RB Leipzig in the Champions League.,No Image Found
https://www.bbc.co.uk/sport/av/football/58947047,"Champions League or bust for Paris St-Germain, Mauricio Pochettino, Lionel Messi, Kylian Mbappe and Neymar? - BBC Sport",188.74.210.207,19 October 2021,"BBC Sport analyses the task facing Mauricio Pochettino at Paris St-Germain, as he attempts to turn a squad of superstars into a team that can win the Champions League.",https://ichef.bbci.co.uk/images/ic/400xn/p09z04tm.jpg
https://www.bbc.co.uk/sport/football/58867800,Argentina v Uruguay: Lionel Messi makes South American history with 80th international goal - BBC Sport,188.74.183.10,11 October 2021,Lionel Messi makes more history as he becomes the first South American player to score 80 international goals.,No Image Found
https://www.bbc.co.uk/sport/football/58849106,"Ballon d'Or: Jorginho, Lionel Messi and Robert Lewandowski among nominees for award - BBC Sport",185.199.231.45,8 October 2021,"Chelsea's Jorginho is nominated for the men's Ballon d'Or award, along with Paris St-Germain's Lionel Messi and Bayern Munich's Robert Lewandowski.",No Image Found
https://www.bbc.co.uk/sport/football/58845043,Lionel Messi: Barcelona president hoped 'he would play for free' before joining PSG - BBC Sport,45.155.68.129,8 October 2021,"Barcelona president Joan Laporta says he had hoped Lionel Messi would stay at the club and ""play for free"".",No Image Found
https://www.bbc.co.uk/sport/football/58809309,Lionel Messi: The inside story of Paris St-Germain forward's first months in France - BBC Sport,185.199.228.220,6 October 2021,Lionel Messi spent 21 years at Barcelona. BBC Sport's Guillem Balague reports on his first two months with new club Paris St-Germain.,No Image Found
https://www.bbc.co.uk/sport/football/58795996,"'Mohamed Salah better than Lionel Messi and Cristiano Ronaldo', says Chris Sutton - BBC Sport",188.74.183.10,4 October 2021,"Liverpool forward Mohamed Salah ""is the best player in the world"" at the moment, says former Blackburn striker Chris Sutton.",No Image Found
https://www.bbc.co.uk/sport/av/football/58732528,"Champions League: Lionel Messi is 'unstoppable', says Pep Guardiola - BBC Sport",38.154.227.167,29 September 2021,"Manchester City manager Pep Guardiola says Lionel Messi is ""unstoppable"" when ""he can run and be close to the ball"" after the Argentine scores his first Paris St-Germain goal against City.",https://ichef.bbci.co.uk/images/ic/400xn/p09x78g5.jpg
https://www.bbc.co.uk/sport/football/58729219,'Unstoppable' Lionel Messi ends 'desperate' goal search for PSG against Man City - BBC Sport,185.199.228.220,28 September 2021,"Lionel Messi's first PSG goal was the moment European football had been waiting for and the one Pep Guardiola knew was probably ""unstoppable"".",No Image Found
https://www.bbc.co.uk/sport/football/58729301,PSG 2-0 Manchester City: 'Pep Guardiola's side the latest victims of Lionel Messi' - BBC Sport,154.95.36.199,28 September 2021,"Lionel Messi's brilliance deprived Manchester City of their second Champions League group win. Did the defeat further highlight City's need for a striker, or is Messi just too good?",No Image Found
https://www.bbc.co.uk/sport/football/58705843,Paris St-Germain 2-0 Manchester City: Lionel Messi scores first PSG goal in win - BBC Sport,188.74.210.207,28 September 2021,Lionel Messi scores his first Paris St-Germain goal in stunning fashion as they beat Manchester City in the Champions League.,No Image Found
https://www.bbc.co.uk/sport/football/58707011,PSG v Man City: Will Lionel Messi break goal drought against Pep Guardiola's side? - BBC Sport,45.155.68.129,28 September 2021,"Messi has six goals in four games against Guardiola but is yet to settle in Paris, will he end his PSG drought against Man City on Tuesday?",No Image Found
https://www.bbc.co.uk/sport/football/58655126,Lionel Messi: PSG forward not in squad to face Metz because of knee injury - BBC Sport,185.199.229.156,22 September 2021,Lionel Messi is left out of the Paris St-Germain squad to face Metz on Wednesday because of a knee injury.,No Image Found
https://www.bbc.co.uk/sport/football/58641808,Lionel Messi: PSG boss Mauricio Pochettino reveals knee injury was the reason for substitution - BBC Sport,188.74.210.207,21 September 2021,Paris St-Germain boss Mauricio Pochettino reveals a knee injury was the reason he substituted Lionel Messi during Sunday's win over Lyon.,No Image Found
https://www.bbc.co.uk/sport/football/58618479,Paris St-Germain 2-1 Lyon: Lionel Messi replaced on PSG home debut - BBC Sport,45.94.47.66,20 September 2021,Lionel Messi makes his home debut for Paris St-Germain but is replaced in the second half as they beat Lyon.,No Image Found
https://www.bbc.co.uk/sport/live/football/58475885,Lionel Messi makes PSG home debut v Lyon & Valencia v Real Madrid - scores & updates - Live - BBC Sport,185.199.231.45,19 September 2021,"Follow live text updates as Lionel Messi makes his PSG home debut against Lyon, plus updates from Valencia v Real Madrid",No Image Found
https://www.bbc.co.uk/sport/football/58594264,Lionel Messi: How much do you know about PSG's new signing? - BBC Sport,185.199.229.156,19 September 2021,"As Lionel Messi prepares to make his home debut for PSG, how much do you know about one of the world's finest ever footballers?",No Image Found
https://www.bbc.co.uk/sport/football/58577370,Club Bruges 1-1 Paris St-Germain: Lionel Messi kept quiet on first start - BBC Sport,45.94.47.66,15 September 2021,Lionel Messi struggles to make an impact on his first start for Paris St-Germain as they are held to a draw at Club Bruges.,No Image Found
https://www.bbc.co.uk/sport/football/58511865,Lionel Messi breaks Pele's international goal record with hat-trick - BBC Sport,188.74.210.21,10 September 2021,Lionel Messi overtakes Pele as the leading South American goalscorer in international matches with a hat-trick in Argentina's World Cup qualifier win against Bolivia.,No Image Found
https://www.bbc.co.uk/sport/football/58375791,Lionel Messi makes PSG debut in 2-0 win at Reims as Kylian Mbappe scores both goals - BBC Sport,38.154.227.167,29 August 2021,"Lionel Messi makes his Paris St-Germain debut as a 66th-minute substitute in a 2-0 win at Reims in Ligue 1, with Kylian Mbappe getting both goals.",No Image Found
https://www.bbc.co.uk/sport/live/football/58379536,Lionel Messi: LIVE text as PSG star comes on for debut - Live - BBC Sport,188.74.210.207,29 August 2021,Live text commentary as Lionel Messi is on the bench for Paris St-Germain in their Ligue 1 game at Reims.,No Image Found
https://www.bbc.co.uk/sport/football/58224419,Barcelona 4-2 Real Sociedad: Barca win first game after Lionel Messi exit - BBC Sport,185.199.229.156,15 August 2021,Barcelona begin life without Lionel Messi with a win over Real Sociedad in their La Liga opener.,No Image Found
https://www.bbc.co.uk/sport/av/football/58215065,'Lionel Messi to Paris St-Germain is like Christmas in August' - Julien Laurens - BBC Sport,185.199.231.45,14 August 2021,"French football journalist Julien Laurens speaks on Lionel Messi's move to Paris St-Germain, expectations for manager Mauricio Pochettino and the future of Kylian Mbappe.",https://ichef.bbci.co.uk/images/ic/400xn/p09s9ptn.jpg
https://www.bbc.co.uk/sport/av/football/58201646,Football Focus: Paris St-Germain's Lionel Messi says he cried upon learning Barcelona fate - BBC Sport,185.199.229.156,13 August 2021,"Lionel Messi tells BBC Sport's Guillem Balague he cried upon learning that he wouldn't be staying at Barcelona, prior to his move to French side Paris St-Germain on a two-year deal.",https://ichef.bbci.co.uk/images/ic/400xn/p09s63fw.jpg
https://www.bbc.co.uk/sport/av/football/58173339,Lionel Messi: PSG are 'ready to fight for all the trophies' - BBC Sport,154.95.36.199,11 August 2021,"Lionel Messi says he believes his new club Paris St-Germain are ""ready to fight for all the trophies"", having signed a two-year contract with the French side after leaving Barcelona.",https://ichef.bbci.co.uk/images/ic/400xn/p09ry0gq.jpg
https://www.bbc.co.uk/sport/football/58159748,Lionel Messi dreams of Champions League win at Paris St-Germain - BBC Sport,185.199.229.156,11 August 2021,"Lionel Messi says he dreams of winning the Champions League once more after joining Paris St-Germain, adding: ""I think we have the team to do it here.""",No Image Found
https://www.bbc.co.uk/sport/football/58163106,Lionel Messi signs two-year Paris St-Germain deal after leaving Barcelona - BBC Sport,154.95.36.199,10 August 2021,Lionel Messi signs a two-year deal with Paris St-Germain after leaving Barcelona.,No Image Found
https://www.bbc.co.uk/sport/football/58159464,Lionel Messi agrees Paris St-Germain deal after Barcelona exit - Guillem Balague - BBC Sport,45.155.68.129,10 August 2021,"Lionel Messi agrees a two-year deal to join Paris St-Germain after leaving Barcelona, says BBC Sport columnist Guillem Balague.",No Image Found
https://www.bbc.co.uk/sport/football/58157038,'Lionel Messi feels betrayed by Barcelona' - the inside track on new PSG star's Nou Camp exit - BBC Sport,154.95.36.199,10 August 2021,"Read the inside track on how Lionel Messi's Barcelona exit came about, with the club legend said to feel betrayed.",No Image Found
https://www.bbc.co.uk/sport/live/football/58156068,Lionel Messi latest as Argentine completes move to Paris St-Germain on two-year deal - Live - BBC Sport,185.199.229.156,10 August 2021,Reaction after Paris St-Germain announce signing of Lionel Messi on a two-year-deal.,No Image Found
https://www.bbc.co.uk/sport/football/58128764,Lionel Messi: Would he give PSG football's best front three - and where would they rank in 21st-century attacking trios? - BBC Sport,188.74.210.207,8 August 2021,"With Lionel Messi joining Paris St-Germain, BBC Sport looks at how he could fit in, and whether the Ligue 1 giants would have football's best attack.",No Image Found
https://www.bbc.co.uk/sport/football/58137262,Lionel Messi: Paris St-Germain move 'a possibility' after Barcelona exit - BBC Sport,38.154.227.167,8 August 2021,"A tearful Lionel Messi says joining Paris St-Germain from Barcelona is ""a possibility, but nothing is agreed"".",No Image Found
https://www.bbc.co.uk/sport/av/football/58137848,Lionel Messi: Barcelona star in tears as he receives ovation news conference - BBC Sport,185.199.229.156,8 August 2021,"Lionel Messi is distraught as he receives a standing ovation from team-mates, journalists, officials and his family at a news conference confirming his departure from Barcelona.",https://ichef.bbci.co.uk/images/ic/400xn/p09rp1rt.jpg
https://www.bbc.co.uk/sport/live/football/58135375,Lionel Messi news conference - Argentine in PSG talks after Barcelona exit confirmed - Live - BBC Sport,38.154.227.167,8 August 2021,"Updates from Lionel Messi's first news conference after Barcelona confirmed he will leave, with the Argentine star now in talks to join Paris St-Germain.",No Image Found
https://www.bbc.co.uk/sport/football/58128763,Lionel Messi: Paris St-Germain in talks with Argentine after leaving Barcelona - BBC Sport,185.199.231.45,7 August 2021,Paris St-Germain are in talks with Lionel Messi's representatives about the Argentina forward joining the Ligue 1 club following his Barcelona exit.,No Image Found
https://www.bbc.co.uk/sport/football/58114038,Lionel Messi's top 10 iconic Barcelona moments - BBC Sport,188.74.183.10,6 August 2021,"As Lionel Messi leaves Barcelona, relive 10 of his most iconic moments for the Catalan club.",No Image Found
https://www.bbc.co.uk/sport/football/58114039,"Manchester City boss Pep Guardiola confirms Harry Kane interest, but says Lionel Messi 'not in thoughts' - BBC Sport",38.154.227.167,6 August 2021,"Manchester City boss Pep Guardiola confirms the club's interest in Tottenham striker Harry Kane but says Lionel Messi is ""not in our thoughts"".",No Image Found
https://www.bbc.co.uk/sport/football/58114034,Lionel Messi: Barcelona president Joan Laporta says new deal would have risked club's future - BBC Sport,185.199.231.45,6 August 2021,"Barcelona trying to keep Lionel Messi could have put the club at risk for 50 years, says president Joan Laporta.",No Image Found
https://www.bbc.co.uk/sport/live/football/58111507,"Pep Guardiola news conference, plus Lionel Messi reaction - Live - BBC Sport",188.74.183.10,6 August 2021,"How Pep Guardiola’s pre-Community Shield news conference unfolded, as the Manchester City boss spoke about Jack Grealish, Harry Kane, Lionel Messi and further possible departures.",No Image Found
https://www.bbc.co.uk/sport/football/58108519,Lionel Messi: Is this really the end for Argentina forward at Barcelona? - BBC Sport,185.199.228.220,5 August 2021,"After Barcelona announce that Lionel Messi ""shall not be staying"", is this really the end for the Argentine at the Nou Camp?",No Image Found
https://www.bbc.co.uk/sport/av/football/58109367,Lionel Messi: Ten great goals for Barcelona - BBC Sport,45.94.47.66,5 August 2021,Watch 10 great goals by Lionel Messi for Barcelona in the 2020-21 season.,https://ichef.bbci.co.uk/images/ic/400xn/p0b36kgx.png
https://www.bbc.co.uk/sport/football/58108298,Lionel Messi: Barcelona say Argentina forward will not stay at club - BBC Sport,185.199.228.220,5 August 2021,"Barcelona say Lionel Messi will not be staying at the club ""because of financial and structural obstacles"".",No Image Found
https://www.bbc.co.uk/sport/av/football/57478426,Copa America: Lionel Messi scores stunning free-kick for Argentina against Chile - BBC Sport,188.74.183.10,5 August 2021,Lionel Messi scores a sensational free-kick for Argentina against Chile in the 2021 Copa America.,https://ichef.bbci.co.uk/images/ic/400xn/p0b36kgx.png
https://www.bbc.co.uk/sport/live/football/58100791,Lionel Messi and Jack Grealish: Barcelona announce forward will leave while Grealish signs for Man City - Live - BBC Sport,185.199.231.45,5 August 2021,"Live text, reaction and the best of social media as Barcelona announce Lionel Messi is leaving & Grealish signs for Man City",No Image Found
https://www.bbc.co.uk/sport/football/57836300,Lionel Messi: Barcelona star agrees to stay on reduced wages - BBC Sport,185.199.229.156,15 July 2021,Lionel Messi agrees to stay at Barcelona on a deal until 2026 that reduces his wages to half of his previous salary.,No Image Found
https://www.bbc.co.uk/sport/football/57776158,Lionel Messi wins first Copa America as Argentina beat Brazil in final - BBC Sport,154.95.36.199,11 July 2021,Lionel Messi ends his wait for a first major international title as Argentina beat Brazil in the Copa America final.,No Image Found
https://www.bbc.co.uk/sport/av/football/57702886,Copa America: Lionel Messi stars as Argentina book place in semi-finals - BBC Sport,45.155.68.129,4 July 2021,Lionel Messi sets up two goals and scores a sublime free-kick as Argentina comfortably beat 10-man Ecuador 3-0 to set up a Copa America semi-final against Colombia.,https://ichef.bbci.co.uk/images/ic/400xn/p0b36kgx.png
https://www.bbc.co.uk/sport/football/57711590,Copa America: Lionel Messi inspires Argentina to set up Colombia semi-final - BBC Sport,154.95.36.199,4 July 2021,Lionel Messi scores a free-kick and sets up two goals to inspire Argentina to a 3-0 win over Ecuador and set up a Copa America semi-final against Colombia.,No Image Found
https://www.bbc.co.uk/sport/football/57696078,Lionel Messi: Boyhood club and the world's worst team - who has tried to sign the free agent? - BBC Sport,188.74.210.207,2 July 2021,Lionel Messi became a free agent on Thursday. There have been some quite unserious attempts by clubs to get him to sign.,No Image Found
https://www.bbc.co.uk/sport/football/57666280,Lionel Messi contract: Barcelona star becomes a free agent - BBC Sport,185.199.231.45,1 July 2021,Barcelona striker Lionel Messi becomes a free agent after his contract expired at midnight.,No Image Found
https://www.bbc.co.uk/sport/av/football/57652284,Copa America 2021: Lionel Messi scores two and assists one against Bolivia - BBC Sport,188.74.210.207,29 June 2021,Watch the best of Lionel Messi during Argentina's 4-1 win over Bolivia in the Copa America.,https://ichef.bbci.co.uk/images/ic/400xn/p0b36kgx.png
https://www.bbc.co.uk/sport/football/57648628,Copa America: Lionel Messi become Argentina's most capped player in 4-1 win - BBC Sport,154.95.36.199,29 June 2021,Lionel Messi celebrates becoming Argentina's most capped player by scoring twice as they beat Bolivia 4-1 in the Copa America.,No Image Found
https://www.bbc.co.uk/sport/football/57620897,Lionel Messi contract: Barcelona 'raise urgency' to complete deal - BBC Sport,185.199.231.45,26 June 2021,Barcelona are pushing for Lionel Messi to sign a new contract before his current deal runs out on 1 July.,No Image Found
https://www.bbc.co.uk/sport/football/57537020,Copa America: Lionel Messi sets up Guido Rodriguez for Argentina winner against Uruguay - BBC Sport,188.74.183.10,19 June 2021,Argentina beat Uruguay in the Copa America thanks to a winner from Guido Rodriguez after he was set up by Lionel Messi.,No Image Found
https://www.bbc.co.uk/sport/football/57478338,Argentina 1-1 Chile: Lionel Messi scores as Copa America pays tribute to Diego Maradona - BBC Sport,188.74.210.207,14 June 2021,Lionel Messi scores a stunning free kick as Argentina draw with Chile after the Copa America pays a spectacular tribute to Diego Maradona.,No Image Found
https://www.bbc.co.uk/sport/football/57355282,Argentina 1-1 Chile: Lionel Messi says first match since death of Diego Maradona was 'special' - BBC Sport,185.199.229.156,4 June 2021,"Lionel Messi says Argentina's World Cup qualifying draw against Chile was a ""special match"" as it was the first since the death of their legendary former captain Diego Maradona.",No Image Found
https://www.bbc.co.uk/sport/football/57282922,Barcelona: Lionel Messi contract 'not done yet' says president Joan Laporta - BBC Sport,185.199.229.156,28 May 2021,"Barcelona president Joan Laporta says a new contract for Lionel Messi is ""not done yet"" but that ""things are going well"".",No Image Found
https://www.bbc.co.uk/sport/football/57213245,Lionel Messi: Paris St-Germain 'looking closely' at Barcelona contract situation - Guillem Balague - BBC Sport,188.74.210.207,22 May 2021,"Barcelona have not begun contract renewal negotiations with Lionel Messi and PSG are ""looking closely"" at the situation, says Guillem Balague.",No Image Found
https://www.bbc.co.uk/sport/football/57138962,Barcelona 1-2 Celta Vigo: Ronald Koeman hopes this was not Lionel Messi's last home game - BBC Sport,188.74.210.207,16 May 2021,Ronald Koeman hopes Lionel Messi has not played his final game at the Nou Camp after Barcelona lose 2-1 to Celta Vigo as their La Liga title chances end.,No Image Found
https://www.bbc.co.uk/sport/av/football/57139004,"La Liga highlights: Lionel Messi scores, but defeat against Celta Vigo ends Barcelona title hopes - BBC Sport",188.74.210.21,16 May 2021,"Despite Lionel Messi putting Barcelona 1-0 ahead, Celta Vigo win 2-1 at the Nou Camp to end Barca's chances of winning this season's La Liga title.",https://ichef.bbci.co.uk/images/ic/400xn/p0b36kgx.png
https://www.bbc.co.uk/sport/av/football/57080304,La Liga: Lionel Messi scores volley as Levante hold Barcelona in six-goal thriller - BBC Sport,188.74.183.10,12 May 2021,"Watch highlights as Barcelona drop points in the La Liga title race following an entertaining 3-3 draw against Levante, despite Lionel Messi scoring a brilliant first-half volley.",https://ichef.bbci.co.uk/images/ic/400xn/p0b36kgx.png
https://www.bbc.co.uk/sport/av/football/56994388,Lionel Messi scores a free-kick for Barcelona in La Liga's top five goals - BBC Sport,185.199.228.220,5 May 2021,A free-kick from Barcelona's Lionel Messi and a great finish by Athletic Bilbao forward Inaki Williams feature in this week's best La Liga goals.,https://ichef.bbci.co.uk/images/ic/400xn/p0b36kgx.png
https://www.bbc.co.uk/sport/av/football/56938579,La Liga highlights: Lionel Messi scores as Barcelona lose to Granada - BBC Sport,45.155.68.129,29 April 2021,Watch highlights as Barcelona lost 2-1 to Granada despite an impressive goal from Lionel Messi.,https://ichef.bbci.co.uk/images/ic/400xn/p0b36kgx.png
https://www.bbc.co.uk/sport/av/football/56859185,La Liga: Lionel Messi scores twice as Barcelona keep title hopes alive - BBC Sport,188.74.183.10,23 April 2021,"Lionel Messi scores two goals as Barcelona beat Getafe to climb to third in the La Liga table, two points behind second-placed Real Madrid.",https://ichef.bbci.co.uk/images/ic/400xn/p0b36kgx.png
https://www.bbc.co.uk/sport/football/56848120,Barcelona 5-2 Getafe: Lionel Messi scores twice in big Barca win - BBC Sport,188.74.210.21,22 April 2021,"Lionel Messi scores two goals as Barcelona beat Getafe to climb to third in the La Liga table, two points behind second-placed Real Madrid.",No Image Found
https://www.bbc.co.uk/sport/football/56779320,Athletic Bilbao 0-4 Barcelona: Lionel Messi scores twice as Barca win Copa del Rey - BBC Sport,188.74.210.207,17 April 2021,Barcelona score four goals in 12 minutes - including a brilliant strike from Lionel Messi - to thrash Athletic Bilbao and win the Copa del Rey.,No Image Found
https://www.bbc.co.uk/sport/av/football/56483512,La Liga: Lionel Messi scores twice as Barcelona thrash Real Sociedad - BBC Sport,45.94.47.66,22 March 2021,Lionel Messi celebrates his record-breaking 768th appearance for Barcelona with two goals as the Spanish giants thrash Real Sociedad 6-1 in La Liga.,https://ichef.bbci.co.uk/images/ic/400xn/p0b36kgx.png
https://www.bbc.co.uk/sport/football/56478951,Real Sociedad 1-6 Barcelona: Lionel Messi scores twice on record-breaking 768th appearance - BBC Sport,188.74.210.207,21 March 2021,Lionel Messi scores two goals on his record-breaking 768th appearance for Barcelona as the Spanish giants beat Real Sociedad 6-1 in La Liga.,No Image Found
https://www.bbc.co.uk/sport/live/football/56469910,La Liga: Real Sociedad v Barcelona - Lionel Messi to break appearance record - Live - BBC Sport,185.199.231.45,21 March 2021,Follow live text commentary of Real Sociedad v Barcelona in La Liga.,No Image Found
https://www.bbc.co.uk/sport/av/rugby-union/56443534,Six Nations 2021: Is France's Antoine Dupont the Lionel Messi of rugby? - BBC Sport,188.74.210.207,19 March 2021,"BBC Sport profiles scrum-half ""magician"" Antoine Dupont and the impact the 24-year-old has had in the Six Nations over the past two years.",https://ichef.bbci.co.uk/images/ic/400xn/p0b36kgx.png
https://www.bbc.co.uk/sport/av/football/56422947,Lionel Messi leads La Liga top five goals of the week - BBC Sport,154.95.36.199,17 March 2021,Lionel Messi's fabulous finish for Barcelona against Huesca comes in at number one as BBC Sport looks at the top five goals in La Liga this week.,https://ichef.bbci.co.uk/images/ic/400xn/p0b36kgx.png
https://www.bbc.co.uk/sport/av/football/56410461,Lionel Messi scores twice as he equals Xavi's Barcelona appearance record in 4-1 win - BBC Sport,185.199.229.156,16 March 2021,Watch highlights of Barcelona's 4-1 win over SD Huesca - including two goals from Lionel Messi as he equals Xavi's all-time Barcelona appearance record.,https://ichef.bbci.co.uk/images/ic/400xn/p0b36kgx.png
https://www.bbc.co.uk/sport/football/56409747,Barcelona 4-1 Huesca: Lionel Messi equals Xavi's Barcelona appearance record - BBC Sport,38.154.227.167,15 March 2021,Lionel Messi scores twice and makes another on the day he equals Xavi's record for most Barcelona appearances.,No Image Found
https://www.bbc.co.uk/sport/football/56224624,Sevilla 0-2 Barcelona: Lionel Messi takes Barcelona within two points of top spot - BBC Sport,185.199.229.156,27 February 2021,Lionel Messi scores and creates the other as Barcelona beat in-form Sevilla and go within two points of Atletico Madrid.,No Image Found
https://www.bbc.co.uk/sport/football/56186366,Barcelona 3-0 Elche: Lionel Messi scores twice in comfortable win - BBC Sport,154.95.36.199,24 February 2021,Lionel Messi scores twice as Barcelona beat Elche to move within five points of La Liga leaders Atletico Madrid.,No Image Found
https://www.bbc.co.uk/sport/football/56123987,Lionel Messi: Manchester City distance themselves from move for Barcelona forward - BBC Sport,185.199.231.45,19 February 2021,"Manchester City are distancing themselves from more links with a move for Barcelona forward Lionel Messi, who is out of contract in the summer.",No Image Found
https://www.bbc.co.uk/sport/football/56092819,Kylian Mbappe hat-trick for PSG upstages Lionel Messi on his own turf - BBC Sport,154.95.36.199,16 February 2021,Kylian Mbappe nets a sublime Champions League hat-trick for Paris St-Germain to upstage Barcelona's Lionel Messi on his own turf and draw comparisons with Brazilian Ronaldo.,No Image Found
https://www.bbc.co.uk/sport/football/56034248,Barcelona 1-4 Paris St-Germain: Kylian Mbappe hat-trick after Lionel Messi opener - BBC Sport,185.199.231.45,16 February 2021,Kylian Mbappe scores a stunning hat-trick as Paris St-Germain rip Barcelona apart in the first leg of their Champions League last-16 tie at the Nou Camp.,No Image Found
https://www.bbc.co.uk/sport/football/56034652,Lionel Messi: Barcelona captain's future in focus with PSG waiting in Champions League - BBC Sport,188.74.183.10,15 February 2021,Lionel Messi's future has led to family tears and accusations of a lack of respect between two European superpowers who meet this week.,No Image Found
https://www.bbc.co.uk/sport/av/football/56061369,La Liga highlights: Lionel Messi scores twice as Barcelona thrash Alaves - BBC Sport,185.199.229.156,14 February 2021,Lionel Messi scores two fantastic goals as Barcelona hammer Alaves 5-1 to claim a seventh consecutive victory in La Liga.,https://ichef.bbci.co.uk/images/ic/400xn/p0b36kgx.png
https://www.bbc.co.uk/sport/football/56055585,Barcelona 5-1 Alaves: Lionel Messi and Francisco Trincao score twice each - BBC Sport,188.74.210.207,13 February 2021,Lionel Messi and Francisco Trincao score twice as Barcelona beat Alaves for an seventh consecutive La Liga win.,No Image Found
https://www.bbc.co.uk/sport/av/football/55979095,Real Betis 2-3 Barcelona: Lionel Messi scores as Barcelona edge Real Betis - BBC Sport,45.155.68.129,8 February 2021,Lionel Messi scores three minutes after coming off the bench as Barcelona came from behind to win at Real Betis.,https://ichef.bbci.co.uk/images/ic/400xn/p0b36kgx.png
https://www.bbc.co.uk/sport/football/55973555,Real Betis 2-3 Barcelona: Lionel Messi comes off bench to score in win - BBC Sport,188.74.183.10,7 February 2021,Lionel Messi scores three minutes after coming off the bench as Barcelona come from behind to win at Real Betis in La Liga.,No Image Found
https://www.bbc.co.uk/sport/av/football/55882674,La Liga: Lionel Messi scores 650th Barcelona goal in win over Bilbao - BBC Sport,154.95.36.199,31 January 2021,Lionel Messi scores his 650th goal for Barcelona with a wonderful free-kick as they beat Athletic Bilbao to move up to second in La Liga.,https://ichef.bbci.co.uk/images/ic/400xn/p0b36kgx.png
https://www.bbc.co.uk/sport/football/55880063,Barcelona 2-1 Athletic Bilbao: Lionel Messi scores 650th Barca goal in win - BBC Sport,188.74.210.21,31 January 2021,Lionel Messi scores his 650th goal for Barcelona with a wonderful free-kick as they beat Athletic Bilbao to move up to second in La Liga.,No Image Found
https://www.bbc.co.uk/sport/football/55873590,Lionel Messi: Barcelona to take legal action after forward's £492m contract leaked - BBC Sport,185.199.228.220,31 January 2021,"Barcelona say they will take ""appropriate legal action"" against Spanish newspaper El Mundo after it published details of forward Lionel Messi's £492m contract.",No Image Found
https://www.bbc.co.uk/sport/football/55715981,Lionel Messi: Barcelona to appeal against ban after Spanish Super Cup red card - BBC Sport,188.74.183.10,19 January 2021,Barcelona skipper Lionel Messi is suspended after being sent off for the first time for his club during the Spanish Super Cup final.,No Image Found
https://www.bbc.co.uk/sport/football/55704618,Top football tweets: Lionel Messi's unwanted first - BBC Sport,185.199.229.156,18 January 2021,"The best tweets from the weekend's football, including an Athletic Bilbao player playing the trumpet and Manchester City doing the sea shanty meme.",No Image Found
https://www.bbc.co.uk/sport/football/55699322,Lionel Messi sent off as Barcelona lose Spanish Super Cup to Athletic Bilbao - BBC Sport,188.74.183.10,18 January 2021,Lionel Messi is shown the first red card of his Barcelona career as they lose to Athletic Bilbao in the Spanish Super Cup final.,No Image Found
https://www.bbc.co.uk/sport/football/55602709,Granada 0-4 Barcelona: Lionel Messi and Antoine Griezmann score twice - BBC Sport,185.199.228.220,9 January 2021,Lionel Messi and Antoine Griezmann score twice as Barcelona beat Granada to extend their unbeaten La Liga run to eight games.,No Image Found
https://www.bbc.co.uk/sport/football/55563531,Athletic Bilbao 2-3 Barcelona: Lionel Messi scores twice as Barcelona go third in La Liga - BBC Sport,154.95.36.199,6 January 2021,Lionel Messi scores twice as Barcelona come back from a goal down to beat Athletic Bilbao and go third in La Liga.,No Image Found
https://www.bbc.co.uk/sport/football/55522797,Huesca 0-1 Barcelona: Lionel Messi returns to set up winner - BBC Sport,185.199.229.156,3 January 2021,Barcelona get back to winning ways as Lionel Messi returns to set up the winning goal in a narrow victory over bottom side Huesca.,No Image Found
https://www.bbc.co.uk/sport/football/55480412,Barcelona 1-1 Eibar: Hosts labour to draw in Lionel Messi's absence - BBC Sport,45.155.68.129,29 December 2020,Barcelona feel the absence of the injured Lionel Messi as they are held to a draw at home to struggling Eibar in La Liga on Tuesday.,No Image Found
https://www.bbc.co.uk/sport/football/55466284,"Lionel Messi: Argentine striker has not broken Pele's goalscoring record, say Santos - BBC Sport",188.74.183.10,28 December 2020,"Pele's former club publish detailed breakdown of why the Brazil legend, and not Lionel Messi, still holds one-club goalscoring record.",No Image Found
https://www.bbc.co.uk/sport/football/55464842,Lionel Messi: Barcelona striker wants to play in US - BBC Sport,45.155.68.129,28 December 2020,"Barcelona forward Lionel Messi says he wants to ""experience life and the league"" in the United States.",No Image Found
https://www.bbc.co.uk/sport/football/55342358,Lionel Messi: Barcelona forward breaks Pele scoring record in win over Real Valladolid - BBC Sport,45.155.68.129,22 December 2020,Lionel Messi scores his 644th goal for Barcelona during his side's win over Real Valladolid to break Pele's record of the most goals for one club.,No Image Found
https://www.bbc.co.uk/sport/football/55395834,Barcelona: Lionel Messi says he had 'very bad time' in summer - BBC Sport,185.199.231.45,21 December 2020,Lionel Messi says his failed attempt to leave Barcelona in the summer has affected his form this season.,No Image Found
